{"cameraMode":{"drawMode":0,"name":"Shaded","section":"Shading Mode"},"sceneLighting":false,"audioPlay":false,"sceneViewState":{"m_AlwaysRefresh":false,"showFog":true,"showSkybox":false,"showFlares":true,"showImageEffects":true,"showParticleSystems":true,"showVisualEffectGraphs":true,"m_FxEnabled":true},"in2DMode":false,"pivot":{"x":-0.0930929183959961,"y":0.32027721405029299,"z":0.22263455390930177},"rotation":{"x":-0.006976807955652475,"y":0.989859402179718,"z":-0.052323270589113238,"w":-0.13199949264526368},"size":1.5191086530685425,"orthographic":false}