{"cameraMode":{"drawMode":0,"name":"Shaded","section":"Shading Mode"},"sceneLighting":true,"audioPlay":false,"sceneViewState":{"m_AlwaysRefresh":false,"showFog":true,"showSkybox":true,"showFlares":true,"showImageEffects":true,"showParticleSystems":true,"showVisualEffectGraphs":true,"m_FxEnabled":true},"in2DMode":false,"pivot":{"x":1.7067952156066895,"y":0.4490095376968384,"z":-2.341951847076416},"rotation":{"x":0.1545635461807251,"y":0.33857324719429018,"z":-0.056510064750909808,"w":0.9264988303184509},"size":2.371595621109009,"orthographic":false}