{"cameraMode":{"drawMode":0,"name":"Shaded","section":"Shading Mode"},"sceneLighting":true,"audioPlay":false,"sceneViewState":{"m_AlwaysRefresh":false,"showFog":true,"showSkybox":true,"showFlares":true,"showImageEffects":true,"showParticleSystems":true,"showVisualEffectGraphs":true,"m_FxEnabled":true},"in2DMode":false,"pivot":{"x":-9.014633178710938,"y":3.4571213722229006,"z":-1.2180999517440797},"rotation":{"x":-0.2438230663537979,"y":0.010226143524050713,"z":-0.0025591133162379266,"w":-0.9697960019111633},"size":2.739501714706421,"orthographic":false}