{"cameraMode":{"drawMode":0,"name":"Shaded","section":"Shading Mode"},"sceneLighting":false,"audioPlay":false,"sceneViewState":{"m_AlwaysRefresh":true,"showFog":true,"showSkybox":false,"showFlares":true,"showImageEffects":true,"showParticleSystems":true,"showVisualEffectGraphs":true,"m_FxEnabled":true},"in2DMode":false,"pivot":{"x":650.1118774414063,"y":300.8348693847656,"z":208.9966278076172},"rotation":{"x":0.0931754931807518,"y":0.0011751236161217094,"z":-0.00011538506805663928,"w":0.9956664443016052},"size":734.3023681640625,"orthographic":false}