{"cameraMode":{"drawMode":0,"name":"Shaded","section":"Shading Mode"},"sceneLighting":false,"audioPlay":false,"sceneViewState":{"m_AlwaysRefresh":false,"showFog":true,"showSkybox":false,"showFlares":true,"showImageEffects":true,"showParticleSystems":true,"showVisualEffectGraphs":true,"m_FxEnabled":true},"in2DMode":false,"pivot":{"x":-3.5166842937469484,"y":1.9588905572891236,"z":0.4696887135505676},"rotation":{"x":0.04123876243829727,"y":0.7690760493278503,"z":-0.04994587600231171,"w":0.6359599828720093},"size":1.476267695426941,"orthographic":false}